stimulus,Average Estimated Depth,Standard Deviation,Standard Error,Average Trial RT,Actual Depth,Duration
depth_duration_stimuli/002272_2014-06-28_18-53-56_260595134347_rgbf000067-resize_2/002272_2014-06-28_18-53-56_260595134347_rgbf000067-resize_2-target.png,1.4022212765957447,1.2165057752746573,0.17744560456757752,2153.6382978723404,1.138,1000
depth_duration_stimuli/002509_2014-06-24_13-19-22_094959634447_rgbf000077-resize_0/002509_2014-06-24_13-19-22_094959634447_rgbf000077-resize_0-target.png,1.4763466666666665,1.4800647895038506,0.21362895115953373,2487.3333333333335,1.3065,1000
depth_duration_stimuli/000483_2014-06-09_20-41-45_260595134347_rgbf000116-resize_4/000483_2014-06-09_20-41-45_260595134347_rgbf000116-resize_4-target.png,1.28135,1.3582818499228304,0.19605109792208225,2149.4583333333335,1.337,1000
depth_duration_stimuli/000109_2014-05-14_23-41-52_260595134347_rgbf000035-resize_9/000109_2014-05-14_23-41-52_260595134347_rgbf000035-resize_9-target.png,1.1559489361702127,0.7794368964814726,0.11369255627841533,1933.0851063829787,1.3545,1000
depth_duration_stimuli/003587_2014-05-23_16-48-02_094959634447_rgbf002384-resize_2/003587_2014-05-23_16-48-02_094959634447_rgbf002384-resize_2-target.png,1.2615557446808512,1.105256725895853,0.16121826292578936,2046.5531914893618,1.357,1000
depth_duration_stimuli/003534_2014-05-22_15-06-10_094959634447_rgbf000102-resize_4/003534_2014-05-22_15-06-10_094959634447_rgbf000102-resize_4-target.png,1.1690583333333333,1.106601641567808,0.15972418891121393,3633.5,1.426,1000
depth_duration_stimuli/002549_2014-06-24_13-41-39_094959634447_rgbf000022-resize_3/002549_2014-06-24_13-41-39_094959634447_rgbf000022-resize_3-target.png,1.5037702127659573,2.546949868569555,0.3715108209244618,1976.1914893617022,1.476,1000
depth_duration_stimuli/000810_2014-06-08_17-20-01_260595134347_rgbf000105-resize_0/000810_2014-06-08_17-20-01_260595134347_rgbf000105-resize_0-target.png,1.7938583333333333,1.0753246555448708,0.1552097448362682,2858.7708333333335,1.4865000000000002,1000
depth_duration_stimuli/002279_2014-06-28_18-55-32_260595134347_rgbf000040-resize_5/002279_2014-06-28_18-55-32_260595134347_rgbf000040-resize_5-target.png,1.3241872340425533,1.2663094692875827,0.18471021997133663,1762.1063829787233,1.5043333333333,1000
depth_duration_stimuli/002953_2014-06-08_17-32-18_094959634447_rgbf000059-resize_5/002953_2014-06-08_17-32-18_094959634447_rgbf000059-resize_5-target.png,1.1945625,0.873506193483018,0.12607975898655643,2107.5625,1.551,1000
depth_duration_stimuli/000720_2014-06-08_18-37-27_260595134347_rgbf000203-resize_4/000720_2014-06-08_18-37-27_260595134347_rgbf000203-resize_4-target.png,1.6392466666666667,1.2116571371320852,0.1748876435721852,4818.104166666667,1.558,1000
depth_duration_stimuli/001532_2014-06-20_16-50-41_260595134347_rgbf000081-resize_4/001532_2014-06-20_16-50-41_260595134347_rgbf000081-resize_4-target.png,1.1427833333333333,1.2655746452481718,0.1826699655283993,2543.625,1.5758333333333,1000
depth_duration_stimuli/002344_2014-06-28_20-06-29_260595134347_rgbf000030-resize_1/002344_2014-06-28_20-06-29_260595134347_rgbf000030-resize_1-target.png,1.0551608695652173,1.300493477360423,0.1917473022687052,2981.0652173913045,1.5795,1000
depth_duration_stimuli/003495_2014-05-21_16-01-51_094959634447_rgbf000100-resize_3/003495_2014-05-21_16-01-51_094959634447_rgbf000100-resize_3-target.png,2.0364166666666668,1.8563864967318164,0.26794631090202514,2271.125,1.6255,1000
depth_duration_stimuli/001555_2014-06-20_17-12-10_260595134347_rgbf000065-resize_4/001555_2014-06-20_17-12-10_260595134347_rgbf000065-resize_4-target.png,0.9690672340425532,0.6802254634460871,0.09922108144221489,1570.1063829787233,1.633,1000
depth_duration_stimuli/002788_2014-06-22_19-36-03_094959634447_rgbf000088-resize_2/002788_2014-06-22_19-36-03_094959634447_rgbf000088-resize_2-target.png,2.1508340425531918,0.8746813216641163,0.1275853835479035,2625.0425531914893,1.6465,1000
depth_duration_stimuli/000469_2014-06-09_19-42-10_260595134347_rgbf000081-resize_1/000469_2014-06-09_19-42-10_260595134347_rgbf000081-resize_1-target.png,1.5744714893617022,1.088798458706898,0.15881757792220239,2623.4893617021276,1.652,1000
depth_duration_stimuli/001016_2014-06-09_16-16-10_260595134347_rgbf000112-resize_5/001016_2014-06-09_16-16-10_260595134347_rgbf000112-resize_5-target.png,2.14677,1.4054562921608296,0.20286014215332707,2141.3333333333335,1.6565,1000
depth_duration_stimuli/003092_2014-06-24_21-01-49_094959634447_rgbf000049-resize_2/003092_2014-06-24_21-01-49_094959634447_rgbf000049-resize_2-target.png,1.3737565217391303,0.7028397483391293,0.10362806735853684,2082.5434782608695,1.666,1000
depth_duration_stimuli/002763_2014-06-22_19-13-10_094959634447_rgbf000075-resize_4/002763_2014-06-22_19-13-10_094959634447_rgbf000075-resize_4-target.png,1.9287148936170213,2.1970703037354005,0.32047564117464084,2030.9787234042553,1.68375,1000
depth_duration_stimuli/000740_2014-06-08_18-46-23_260595134347_rgbf000049-resize_6/000740_2014-06-08_18-46-23_260595134347_rgbf000049-resize_6-target.png,1.7909089361702126,1.485058793922101,0.2166180883493208,1922.7659574468084,1.687,1000
depth_duration_stimuli/002964_2014-06-08_17-46-11_094959634447_rgbf000091-resize_4/002964_2014-06-08_17-46-11_094959634447_rgbf000091-resize_4-target.png,1.2513276595744682,0.8617242860032911,0.1256954056513993,2952.6382978723404,1.691,1000
depth_duration_stimuli/003338_2014-05-20_11-01-23_094959634447_rgbf000051-resize_6/003338_2014-05-20_11-01-23_094959634447_rgbf000051-resize_6-target.png,1.427344680851064,1.0283851196242437,0.15000538673055158,2589.553191489362,1.693,1000
depth_duration_stimuli/001110_2014-06-15_17-25-28_260595134347_rgbf000150-resize_1/001110_2014-06-15_17-25-28_260595134347_rgbf000150-resize_1-target.png,1.751855,0.9703166154076567,0.1400531397761943,2260.7916666666665,1.7115,1000
depth_duration_stimuli/001516_2014-06-20_16-25-09_260595134347_rgbf000076-resize_2/001516_2014-06-20_16-25-09_260595134347_rgbf000076-resize_2-target.png,1.8610260869565218,1.1795670437720938,0.17391767234960667,2652.782608695652,1.7445,1000
depth_duration_stimuli/002131_2014-06-25_21-12-01_260595134347_rgbf000083-resize_0/002131_2014-06-25_21-12-01_260595134347_rgbf000083-resize_0-target.png,1.8871333333333336,1.1918375166520354,0.17202692776733694,1816.9791666666667,1.7685000000000002,1000
depth_duration_stimuli/000709_2014-06-08_13-51-55_260595134347_rgbf000068-resize_3/000709_2014-06-08_13-51-55_260595134347_rgbf000068-resize_3-target.png,1.68256,0.7661794742805951,0.11296700045366163,2927.413043478261,1.8030000000000002,1000
depth_duration_stimuli/002784_2014-06-22_19-26-30_094959634447_rgbf000083-resize_3/002784_2014-06-22_19-26-30_094959634447_rgbf000083-resize_3-target.png,1.67269,1.6148913346012526,0.23308948668600682,3010.1666666666665,1.8046666666667,1000
depth_duration_stimuli/000470_2014-06-09_19-42-40_260595134347_rgbf000094-resize_1/000470_2014-06-09_19-42-40_260595134347_rgbf000094-resize_1-target.png,1.5282666666666669,1.1806931954653512,0.1760073497087981,1907.6888888888889,1.831,1000
depth_duration_stimuli/000549_2014-06-08_22-10-24_260595134347_rgbf000247-resize_3/000549_2014-06-08_22-10-24_260595134347_rgbf000247-resize_3-target.png,1.365392340425532,1.3357310626121608,0.1948364000913965,3396.6382978723404,1.841,1000
depth_duration_stimuli/001167_2014-06-17_15-38-07_260595134347_rgbf000108-resize_0/001167_2014-06-17_15-38-07_260595134347_rgbf000108-resize_0-target.png,1.3983755999999998,1.1652924338011903,0.16819547508493785,2016.5625,1.8505,1000
depth_duration_stimuli/001571_2014-06-20_17-21-32_260595134347_rgbf000089-resize_1/001571_2014-06-20_17-21-32_260595134347_rgbf000089-resize_1-target.png,1.4846583333333332,1.0083964417622988,0.145549489275331,1908.7291666666667,1.86,1000
depth_duration_stimuli/001136_2014-06-17_15-19-41_260595134347_rgbf000076-resize_3/001136_2014-06-17_15-19-41_260595134347_rgbf000076-resize_3-target.png,2.15127,1.8968894271927779,0.27379240535317634,2363.5833333333335,1.8655,1000
depth_duration_stimuli/001618_2014-06-20_11-37-31_260595134347_rgbf000027-resize_3/001618_2014-06-20_11-37-31_260595134347_rgbf000027-resize_3-target.png,1.3822139130434783,1.1760737549121811,0.17340261500668705,1924.0652173913043,1.8725,1000
depth_duration_stimuli/001289_2014-06-16_16-25-52_260595134347_rgbf000067-resize_1/001289_2014-06-16_16-25-52_260595134347_rgbf000067-resize_1-target.png,1.6963271111111111,1.5850324646927902,0.23628268917314094,2557.222222222222,1.8835,1000
depth_duration_stimuli/002949_2014-06-26_15-57-42_094959634447_rgbf000079-resize_1/002949_2014-06-26_15-57-42_094959634447_rgbf000079-resize_1-target.png,1.6230304347826088,1.4458522573777208,0.21317928513874496,2176.782608695652,1.8915,1000
depth_duration_stimuli/000753_2014-06-08_21-57-44_260595134347_rgbf000123-resize_3/000753_2014-06-08_21-57-44_260595134347_rgbf000123-resize_3-target.png,1.6899353191489364,0.8346466643849466,0.1217457286042563,2118.021276595745,1.916,1000
depth_duration_stimuli/002545_2014-06-24_13-38-53_094959634447_rgbf000080-resize_4/002545_2014-06-24_13-38-53_094959634447_rgbf000080-resize_4-target.png,2.227321739130435,2.8704223755718554,0.42322069004510116,1936.9565217391305,1.9205,1000
depth_duration_stimuli/001650_2014-06-20_12-09-00_260595134347_rgbf000087-resize_3/001650_2014-06-20_12-09-00_260595134347_rgbf000087-resize_3-target.png,0.9695565217391305,0.7153267212034182,0.10546917106410071,1883.5869565217392,1.9505,1000
depth_duration_stimuli/002468_2014-06-28_20-38-39_260595134347_rgbf000045-resize_1/002468_2014-06-28_20-38-39_260595134347_rgbf000045-resize_1-target.png,2.8638,1.696903753586564,0.2449269597305223,2749.8125,1.9560000000000002,1000
depth_duration_stimuli/002136_2014-06-25_21-18-03_260595134347_rgbf000109-resize_3/002136_2014-06-25_21-18-03_260595134347_rgbf000109-resize_3-target.png,1.6830695652173913,1.436243797452162,0.21176259501168462,1898.304347826087,1.957,1000
depth_duration_stimuli/002875_2014-06-01_15-19-00_094959634447_rgbf000151-resize_1/002875_2014-06-01_15-19-00_094959634447_rgbf000151-resize_1-target.png,1.8422577777777778,1.3641954862730183,0.20336225612699,1950.4666666666667,1.9674999999999998,1000
depth_duration_stimuli/003228_2014-05-14_13-42-35_094959634447_rgbf000101-resize_1/003228_2014-05-14_13-42-35_094959634447_rgbf000101-resize_1-target.png,1.7120987234042555,1.5077120727282478,0.21992240866977886,2407.31914893617,1.968,1000
depth_duration_stimuli/000555_2014-06-09_22-42-23_260595134347_rgbf000037-resize_4/000555_2014-06-09_22-42-23_260595134347_rgbf000037-resize_4-target.png,1.7105625,2.0658270425250174,0.2981764497752568,2181.2708333333335,1.9765,1000
depth_duration_stimuli/000943_2014-06-09_19-31-07_260595134347_rgbf000128-resize_1/000943_2014-06-09_19-31-07_260595134347_rgbf000128-resize_1-target.png,1.957825,1.7451878424167264,0.2518961676514398,3247.6041666666665,1.9765,1000
depth_duration_stimuli/000103_2014-05-14_22-01-17_260595134347_rgbf000152-resize_5/000103_2014-05-14_22-01-17_260595134347_rgbf000152-resize_5-target.png,2.2588425531914895,1.3117940857342103,0.19134483316260895,2081.3617021276596,1.993,1000
depth_duration_stimuli/002637_2014-06-24_14-51-13_094959634447_rgbf000066-resize_4/002637_2014-06-24_14-51-13_094959634447_rgbf000066-resize_4-target.png,2.125288888888889,1.0090717062145922,0.150423528617835,3846.911111111111,1.9955,1000
depth_duration_stimuli/002199_2014-06-28_18-33-56_260595134347_rgbf000074-resize_0/002199_2014-06-28_18-33-56_260595134347_rgbf000074-resize_0-target.png,1.3322723404255319,1.9276151160235968,0.281171562509995,2071.2978723404253,1.996,1000
depth_duration_stimuli/002905_2014-06-03_18-04-43_094959634447_rgbf000151-resize_2/002905_2014-06-03_18-04-43_094959634447_rgbf000151-resize_2-target.png,1.7720216666666666,1.3013808947901546,0.18783815248133295,2431.5208333333335,2.0295,1000
depth_duration_stimuli/001244_2014-06-17_16-47-45_260595134347_rgbf000030-resize_4/001244_2014-06-17_16-47-45_260595134347_rgbf000030-resize_4-target.png,2.0169,1.9637712368395404,0.28344596305403824,2190.7708333333335,2.0425,1000
depth_duration_stimuli/002209_2014-06-28_18-36-10_260595134347_rgbf000051-resize_1/002209_2014-06-28_18-36-10_260595134347_rgbf000051-resize_1-target.png,1.6169916666666666,1.2239597072761266,0.17666336661828183,1651.0833333333333,2.057,1000
depth_duration_stimuli/000635_2014-06-08_16-38-42_260595134347_rgbf000106-resize_1/000635_2014-06-08_16-38-42_260595134347_rgbf000106-resize_1-target.png,2.1480166666666665,1.2475239953064023,0.18006457862766723,2315.4375,2.074,1000
depth_duration_stimuli/000878_2014-06-08_22-52-45_260595134347_rgbf000045-resize_2/000878_2014-06-08_22-52-45_260595134347_rgbf000045-resize_2-target.png,1.8660476595744682,1.1629351817037799,0.16963153039182433,2334.063829787234,2.092,1000
depth_duration_stimuli/002139_2014-06-25_21-19-37_260595134347_rgbf000124-resize_2/002139_2014-06-25_21-19-37_260595134347_rgbf000124-resize_2-target.png,1.8851110000000002,1.144783176560002,0.16523521878766803,2058.6458333333335,2.107,1000
depth_duration_stimuli/002678_2014-06-13_16-15-32_094959634447_rgbf000151-resize_6/002678_2014-06-13_16-15-32_094959634447_rgbf000151-resize_6-target.png,2.4078978723404254,1.181799348725302,0.1723831519540335,2338.148936170213,2.183,1000
depth_duration_stimuli/002725_2014-06-22_11-47-51_094959634447_rgbf000070-resize_1/002725_2014-06-22_11-47-51_094959634447_rgbf000070-resize_1-target.png,2.072306382978723,2.243837373341002,0.32729731938504336,2423.744680851064,2.195,1000
depth_duration_stimuli/002579_2014-06-24_14-08-03_094959634447_rgbf000061-resize_2/002579_2014-06-24_14-08-03_094959634447_rgbf000061-resize_2-target.png,1.7265872340425534,0.9557410668115132,0.13940916258465005,2194.063829787234,2.223125,1000
depth_duration_stimuli/001100_2014-06-15_17-46-26_260595134347_rgbf000225-resize_2/001100_2014-06-15_17-46-26_260595134347_rgbf000225-resize_2-target.png,1.1347617021276597,0.8981713496232199,0.13101175627644346,2719.68085106383,2.24,1000
depth_duration_stimuli/001810_2014-06-26_20-51-35_260595134347_rgbf000040-resize_3/001810_2014-06-26_20-51-35_260595134347_rgbf000040-resize_3-target.png,1.4915733333333334,0.8558699955099398,0.12353419307474689,2281.0833333333335,2.2525,1000
depth_duration_stimuli/000869_2014-06-09_20-50-18_260595134347_rgbf000060-resize_3/000869_2014-06-09_20-50-18_260595134347_rgbf000060-resize_3-target.png,1.770864,1.2212440333424541,0.18205231171131647,2513.088888888889,2.266,1000
depth_duration_stimuli/002460_2014-06-28_20-35-43_260595134347_rgbf000028-resize_4/002460_2014-06-28_20-35-43_260595134347_rgbf000028-resize_4-target.png,1.2953666666666666,0.9030905304006296,0.13034989020735135,3631.6666666666665,2.269,1000
depth_duration_stimuli/000749_2014-06-08_21-55-06_260595134347_rgbf000070-resize_2/000749_2014-06-08_21-55-06_260595134347_rgbf000070-resize_2-target.png,2.4211574468085106,1.5522232072438498,0.22641502492745877,1996.127659574468,2.331,1000
depth_duration_stimuli/002750_2014-06-22_19-08-03_094959634447_rgbf000094-resize_4/002750_2014-06-22_19-08-03_094959634447_rgbf000094-resize_4-target.png,2.6138733333333333,1.9500132297874542,0.28146016578527955,2654.1041666666665,2.354,1000
depth_duration_stimuli/001164_2014-06-17_15-35-46_260595134347_rgbf000085-resize_3/001164_2014-06-17_15-35-46_260595134347_rgbf000085-resize_3-target.png,1.76819,1.227669373205336,0.17719881077399,2092.0416666666665,2.354,1000
depth_duration_stimuli/000522_2014-06-08_13-35-06_260595134347_rgbf000244-resize_1/000522_2014-06-08_13-35-06_260595134347_rgbf000244-resize_1-target.png,1.3691416666666667,1.4439579247470185,0.20841737413779612,2175.2708333333335,2.3715,1000
depth_duration_stimuli/001059_2014-06-08_21-53-27_260595134347_rgbf000061-resize_4/001059_2014-06-08_21-53-27_260595134347_rgbf000061-resize_4-target.png,2.1649833333333333,1.3488791702322802,0.19469393800947152,2934.0625,2.4185,1000
depth_duration_stimuli/001055_2014-06-08_18-45-35_260595134347_rgbf000111-resize_4/001055_2014-06-08_18-45-35_260595134347_rgbf000111-resize_4-target.png,2.8614939130434784,1.636620666274773,0.24130655251908362,3866.6739130434785,2.429,1000
depth_duration_stimuli/000502_2014-06-08_23-02-32_260595134347_rgbf000063-resize_4/000502_2014-06-08_23-02-32_260595134347_rgbf000063-resize_4-target.png,1.5880666666666665,0.682441151802673,0.09850189567483787,2144.375,2.431,1000
depth_duration_stimuli/001011_2014-06-08_23-18-54_260595134347_rgbf000044-resize_4/001011_2014-06-08_23-18-54_260595134347_rgbf000044-resize_4-target.png,2.450236595744681,1.485257340075796,0.21664704928234146,2438.6382978723404,2.473,1000
depth_duration_stimuli/002340_2014-06-28_20-05-46_260595134347_rgbf000113-resize_0/002340_2014-06-28_20-05-46_260595134347_rgbf000113-resize_0-target.png,2.667271111111111,1.3446623456909885,0.2004504274499581,4470.822222222222,2.4735,1000
depth_duration_stimuli/000368_2014-06-09_15-53-01_260595134347_rgbf000155-resize_2/000368_2014-06-09_15-53-01_260595134347_rgbf000155-resize_2-target.png,2.2934468085106383,3.474595565132666,0.5068218525666984,1852.340425531915,2.486,1000
depth_duration_stimuli/002153_2014-06-25_21-27-18_260595134347_rgbf000038-resize_5/002153_2014-06-25_21-27-18_260595134347_rgbf000038-resize_5-target.png,1.8817356521739128,1.2426605196837455,0.18322029785863247,2708.5652173913045,2.505,1000
depth_duration_stimuli/002445_2014-06-28_20-32-16_260595134347_rgbf000029-resize_4/002445_2014-06-28_20-32-16_260595134347_rgbf000029-resize_4-target.png,1.6965736170212766,0.8738551588380863,0.12746487531430875,2442.2340425531916,2.5315,1000
depth_duration_stimuli/002758_2014-06-22_19-11-20_094959634447_rgbf000128-resize_1/002758_2014-06-22_19-11-20_094959634447_rgbf000128-resize_1-target.png,1.9478833333333334,1.9267612794016329,0.27810403583167015,2368.1458333333335,2.555,1000
depth_duration_stimuli/003546_2014-05-22_15-48-53_094959634447_rgbf004816-resize_3/003546_2014-05-22_15-48-53_094959634447_rgbf004816-resize_3-target.png,2.2877702127659574,1.9116173834825216,0.27883805338890544,3267.31914893617,2.62625,1000
depth_duration_stimuli/000830_2014-06-04_19-49-31_260595134347_rgbf000096-resize_2/000830_2014-06-04_19-49-31_260595134347_rgbf000096-resize_2-target.png,1.79165,1.190587226825843,0.17184646397540765,2167.6041666666665,2.6353333333333,1000
depth_duration_stimuli/002118_2014-06-25_20-32-08_260595134347_rgbf000078-resize_1/002118_2014-06-25_20-32-08_260595134347_rgbf000078-resize_1-target.png,2.2761083333333336,1.3918335208336923,0.20089386448011923,2697.4583333333335,2.646,1000
depth_duration_stimuli/001214_2014-06-17_16-13-55_260595134347_rgbf000111-resize_0/001214_2014-06-17_16-13-55_260595134347_rgbf000111-resize_0-target.png,1.8401666666666667,0.9896289537494801,0.14284063571127753,1996.2708333333333,2.6505,1000
depth_duration_stimuli/001056_2014-06-08_18-46-44_260595134347_rgbf000068-resize_0/001056_2014-06-08_18-46-44_260595134347_rgbf000068-resize_0-target.png,2.5172608695652174,1.4764154596677368,0.21768558347074274,3162.304347826087,2.6625,1000
depth_duration_stimuli/002987_2014-06-08_18-48-20_094959634447_rgbf000022-resize_0/002987_2014-06-08_18-48-20_094959634447_rgbf000022-resize_0-target.png,2.204275,1.0876166865332344,0.15698394668627294,2506.6458333333335,2.6775,1000
depth_duration_stimuli/000927_2014-06-09_16-32-30_260595134347_rgbf000123-resize_3/000927_2014-06-09_16-32-30_260595134347_rgbf000123-resize_3-target.png,2.460811666666667,1.2963073346114247,0.1871058471475981,2188.5416666666665,2.6785,1000
depth_duration_stimuli/000636_2014-06-08_16-39-02_260595134347_rgbf000108-resize_4/000636_2014-06-08_16-39-02_260595134347_rgbf000108-resize_4-target.png,1.8291574468085106,1.0705337514214437,0.15615339654929805,2108.6382978723404,2.682,1000
depth_duration_stimuli/001092_2014-06-15_17-34-58_260595134347_rgbf000171-resize_3/001092_2014-06-15_17-34-58_260595134347_rgbf000171-resize_3-target.png,1.5783516666666666,0.7002239139484228,0.10106861630278381,2080.5416666666665,2.6935,1000
depth_duration_stimuli/000682_2014-06-08_23-14-58_260595134347_rgbf000041-resize_5/000682_2014-06-08_23-14-58_260595134347_rgbf000041-resize_5-target.png,2.597933333333333,2.280651910284979,0.32918374858271676,2153.5833333333335,2.724,1000
depth_duration_stimuli/001806_2014-06-26_20-50-20_260595134347_rgbf000091-resize_1/001806_2014-06-26_20-50-20_260595134347_rgbf000091-resize_1-target.png,1.5483008695652174,1.0112314002416967,0.14909793577689148,2774.7391304347825,2.7305,1000
depth_duration_stimuli/001188_2014-06-17_15-54-10_260595134347_rgbf000090-resize_2/001188_2014-06-17_15-54-10_260595134347_rgbf000090-resize_2-target.png,2.4006416666666666,1.2707845463859455,0.18342194998448555,2584.0,2.744,1000
depth_duration_stimuli/002600_2014-06-24_14-27-04_094959634447_rgbf000074-resize_2/002600_2014-06-24_14-27-04_094959634447_rgbf000074-resize_2-target.png,2.2984347826086955,1.8498751733523828,0.27274921420145476,2511.086956521739,2.7575,1000
depth_duration_stimuli/000800_2014-06-08_22-42-09_260595134347_rgbf000095-resize_3/000800_2014-06-08_22-42-09_260595134347_rgbf000095-resize_3-target.png,2.669860425531915,2.2585058020446573,0.3294369296131895,1961.2553191489362,2.8,1000
depth_duration_stimuli/002043_2014-06-24_20-29-38_260595134347_rgbf000039-resize_4/002043_2014-06-24_20-29-38_260595134347_rgbf000039-resize_4-target.png,2.8046808510638295,1.6512397616439722,0.24085807379318344,3501.0,2.8434999999999997,1000
depth_duration_stimuli/000906_2014-06-08_13-35-43_260595134347_rgbf000155-resize_1/000906_2014-06-08_13-35-43_260595134347_rgbf000155-resize_1-target.png,2.9946782608695655,2.5123396697025973,0.3704242754264991,3596.3260869565215,2.849,1000
depth_duration_stimuli/000929_2014-06-09_16-33-19_260595134347_rgbf000139-resize_0/000929_2014-06-09_16-33-19_260595134347_rgbf000139-resize_0-target.png,2.2263366666666666,1.9684159042941136,0.2841163630553368,2969.9375,2.868,1000
depth_duration_stimuli/003079_2014-06-15_15-18-20_094959634447_rgbf000152-resize_8/003079_2014-06-15_15-18-20_094959634447_rgbf000152-resize_8-target.png,2.8589412765957447,1.3829529878482256,0.2017244258144693,2504.978723404255,2.8775,1000
depth_duration_stimuli/000642_2014-06-08_16-59-25_260595134347_rgbf000098-resize_2/000642_2014-06-08_16-59-25_260595134347_rgbf000098-resize_2-target.png,2.408175,1.1344167807967191,0.16373895844155362,2301.6666666666665,2.8815000000000004,1000
depth_duration_stimuli/003070_2014-06-15_14-58-27_094959634447_rgbf000150-resize_3/003070_2014-06-15_14-58-27_094959634447_rgbf000150-resize_3-target.png,2.120204255319149,1.1412643297747815,0.16647051175944885,2042.5531914893618,2.9414999999999996,1000
depth_duration_stimuli/001264_2014-06-16_16-10-23_260595134347_rgbf000109-resize_1/001264_2014-06-16_16-10-23_260595134347_rgbf000109-resize_1-target.png,2.092904347826087,1.2089803657915894,0.17825443008517503,3023.195652173913,2.9665,1000
depth_duration_stimuli/002057_2014-06-24_21-00-13_260595134347_rgbf000120-resize_1/002057_2014-06-24_21-00-13_260595134347_rgbf000120-resize_1-target.png,3.093421276595745,1.4430466799126878,0.21048999169652918,2793.659574468085,2.967,1000
depth_duration_stimuli/000542_2014-06-08_18-27-08_260595134347_rgbf000118-resize_1/000542_2014-06-08_18-27-08_260595134347_rgbf000118-resize_1-target.png,2.21424,1.1588054514503767,0.17085654256480223,2033.5434782608695,3.0,1000
depth_duration_stimuli/002630_2014-06-24_14-47-50_094959634447_rgbf000055-resize_1/002630_2014-06-24_14-47-50_094959634447_rgbf000055-resize_1-target.png,2.9084425531914895,1.6520385283096233,0.24097458588607745,2518.021276595745,3.0095000000000005,1000
depth_duration_stimuli/002568_2014-06-24_13-59-21_094959634447_rgbf000062-resize_4/002568_2014-06-24_13-59-21_094959634447_rgbf000062-resize_4-target.png,2.3953344680851063,0.898886572964403,0.1311160823230242,2412.6170212765956,3.015,1000
depth_duration_stimuli/000521_2014-06-08_13-34-35_260595134347_rgbf000191-resize_2/000521_2014-06-08_13-34-35_260595134347_rgbf000191-resize_2-target.png,2.1455550000000003,1.3908853993846066,0.2007570149366557,2784.6875,3.0385000000000004,1000
depth_duration_stimuli/000665_2014-06-09_20-42-35_260595134347_rgbf000110-resize_1/000665_2014-06-09_20-42-35_260595134347_rgbf000110-resize_1-target.png,2.1815,1.4601518487049885,0.21075476572688873,2550.625,3.057,1000
depth_duration_stimuli/000854_2014-06-09_19-43-13_260595134347_rgbf000066-resize_0/000854_2014-06-09_19-43-13_260595134347_rgbf000066-resize_0-target.png,1.7416510638297873,1.0954072964709918,0.15978157598647288,2735.9574468085107,3.068,1000
depth_duration_stimuli/001029_2014-06-08_13-17-57_260595134347_rgbf000065-resize_1/001029_2014-06-08_13-17-57_260595134347_rgbf000065-resize_1-target.png,2.559493333333333,1.5985974043175812,0.2383048309805885,2040.0666666666666,3.0835,1000
depth_duration_stimuli/003010_2014-06-15_12-54-35_094959634447_rgbf000112-resize_0/003010_2014-06-15_12-54-35_094959634447_rgbf000112-resize_0-target.png,3.1631633333333333,1.3716886635858478,0.19798620479141182,3581.2916666666665,3.1184999999999996,1000
depth_duration_stimuli/002805_2014-06-22_19-54-03_094959634447_rgbf000079-resize_1/002805_2014-06-22_19-54-03_094959634447_rgbf000079-resize_1-target.png,3.131425,1.5724668007184452,0.226966032671636,2206.8958333333335,3.144,1000
depth_duration_stimuli/000866_2014-06-09_20-45-42_260595134347_rgbf000139-resize_1/000866_2014-06-09_20-45-42_260595134347_rgbf000139-resize_1-target.png,2.141,1.3447077415640256,0.19826633987283382,2349.1739130434785,3.2155,1000
depth_duration_stimuli/003423_2014-05-21_10-23-26_094959634447_rgbf002665-resize_2/003423_2014-05-21_10-23-26_094959634447_rgbf002665-resize_2-target.png,2.8814347826086957,1.4436764637884136,0.2128584818757482,2652.1521739130435,3.2575,1000
depth_duration_stimuli/001032_2014-06-08_13-23-17_260595134347_rgbf000021-resize_3/001032_2014-06-08_13-23-17_260595134347_rgbf000021-resize_3-target.png,2.0104608695652173,0.9604970276588309,0.14161756063898237,1961.8260869565217,3.2725,1000
depth_duration_stimuli/002700_2014-06-22_11-27-02_094959634447_rgbf000124-resize_3/002700_2014-06-22_11-27-02_094959634447_rgbf000124-resize_3-target.png,2.2722521739130435,1.2155286436113357,0.17921992097636413,2131.8695652173915,3.301,1000
depth_duration_stimuli/000505_2014-06-08_23-03-23_260595134347_rgbf000091-resize_0/000505_2014-06-08_23-03-23_260595134347_rgbf000091-resize_0-target.png,1.2076283333333333,0.5610737248000416,0.08098401651213251,2092.2916666666665,3.3104999999999998,1000
depth_duration_stimuli/000788_2014-06-08_22-34-36_260595134347_rgbf000131-resize_1/000788_2014-06-08_22-34-36_260595134347_rgbf000131-resize_1-target.png,2.689465,2.102751289162985,0.30350600570927055,2584.2083333333335,3.359,1000
depth_duration_stimuli/000758_2014-06-08_22-05-08_260595134347_rgbf000085-resize_0/000758_2014-06-08_22-05-08_260595134347_rgbf000085-resize_0-target.png,3.0742499999999997,1.6446103244078631,0.2373790533772294,2298.75,3.381,1000
depth_duration_stimuli/000780_2014-06-08_22-28-29_260595134347_rgbf000126-resize_1/000780_2014-06-08_22-28-29_260595134347_rgbf000126-resize_1-target.png,2.849698333333333,1.4140388197014588,0.2040989232998045,2921.2291666666665,3.3825,1000
depth_duration_stimuli/001815_2014-06-26_20-52-55_260595134347_rgbf000020-resize_0/001815_2014-06-26_20-52-55_260595134347_rgbf000020-resize_0-target.png,3.1431739130434786,1.5405964660820002,0.22714855660445174,3771.9565217391305,3.3865,1000
depth_duration_stimuli/001197_2014-06-17_16-01-50_260595134347_rgbf000103-resize_4/001197_2014-06-17_16-01-50_260595134347_rgbf000103-resize_4-target.png,2.9446,2.282428959254275,0.3294402435079133,2301.2291666666665,3.4025,1000
depth_duration_stimuli/001199_2014-06-17_16-03-48_260595134347_rgbf000077-resize_0/001199_2014-06-17_16-03-48_260595134347_rgbf000077-resize_0-target.png,3.1382636363636367,2.1631857333078144,0.3261125195105374,2735.7272727272725,3.4375,1000
depth_duration_stimuli/000493_2014-06-09_21-01-18_260595134347_rgbf000196-resize_3/000493_2014-06-09_21-01-18_260595134347_rgbf000196-resize_3-target.png,2.042944680851064,1.0721914054480868,0.1563951902398008,2635.9574468085107,3.44,1000
depth_duration_stimuli/001449_2014-06-19_17-01-27_260595134347_rgbf000116-resize_2/001449_2014-06-19_17-01-27_260595134347_rgbf000116-resize_2-target.png,2.6861702127659575,2.5063822849325814,0.36559343068216454,2550.553191489362,3.452,1000
depth_duration_stimuli/003292_2014-05-14_21-53-49_094959634447_rgbf000100-resize_2/003292_2014-05-14_21-53-49_094959634447_rgbf000100-resize_2-target.png,2.545806666666667,1.3959023961814983,0.20148115604945793,3462.5625,3.4815,1000
depth_duration_stimuli/002790_2014-06-22_19-36-35_094959634447_rgbf000074-resize_4/002790_2014-06-22_19-36-35_094959634447_rgbf000074-resize_4-target.png,2.477327659574468,1.2063544712501681,0.17596488469235286,2450.0851063829787,3.512,1000
depth_duration_stimuli/000736_2014-06-08_18-24-15_260595134347_rgbf000206-resize_3/000736_2014-06-08_18-24-15_260595134347_rgbf000206-resize_3-target.png,2.5235416666666666,1.156035163978419,0.16685930327890336,2136.0625,3.515,1000
depth_duration_stimuli/001584_2014-06-20_11-07-43_260595134347_rgbf000002-resize_1/001584_2014-06-20_11-07-43_260595134347_rgbf000002-resize_1-target.png,2.9093668085106383,2.402746084025622,0.3504765371179968,2450.9148936170213,3.53,1000
depth_duration_stimuli/000739_2014-06-08_18-45-58_260595134347_rgbf000068-resize_1/000739_2014-06-08_18-45-58_260595134347_rgbf000068-resize_1-target.png,2.413327659574468,1.0585610745564673,0.15440700214018124,2204.851063829787,3.534,1000
depth_duration_stimuli/000677_2014-06-08_23-10-32_260595134347_rgbf000158-resize_6/000677_2014-06-08_23-10-32_260595134347_rgbf000158-resize_6-target.png,2.408207659574468,1.2043212278873339,0.1756683056665199,3247.468085106383,3.556,1000
depth_duration_stimuli/002660_2014-06-13_15-44-18_094959634447_rgbf001878-resize_2/002660_2014-06-13_15-44-18_094959634447_rgbf001878-resize_2-target.png,3.323478260869565,3.8242333972748663,0.5638524528870942,2371.8260869565215,3.576,1000
depth_duration_stimuli/002213_2014-06-28_18-37-58_260595134347_rgbf000055-resize_1/002213_2014-06-28_18-37-58_260595134347_rgbf000055-resize_1-target.png,3.2514638297872342,1.9140611707577178,0.2791945163990246,2718.31914893617,3.62,1000
depth_duration_stimuli/003490_2014-05-21_15-50-11_094959634447_rgbf000101-resize_3/003490_2014-05-21_15-50-11_094959634447_rgbf000101-resize_3-target.png,3.039537777777778,1.4436679294719608,0.2152093084823784,2299.222222222222,3.6445,1000
depth_duration_stimuli/000457_2014-06-08_16-52-43_260595134347_rgbf000199-resize_1/000457_2014-06-08_16-52-43_260595134347_rgbf000199-resize_1-target.png,2.465855319148936,1.597474329222676,0.23301557945017046,3225.4893617021276,3.6490000000000005,1000
depth_duration_stimuli/001235_2014-06-17_16-37-36_260595134347_rgbf000084-resize_4/001235_2014-06-17_16-37-36_260595134347_rgbf000084-resize_4-target.png,2.5033702127659576,1.496419218417738,0.21827517657178938,2827.0851063829787,3.6605,1000
depth_duration_stimuli/000692_2014-06-08_13-09-42_260595134347_rgbf000199-resize_2/000692_2014-06-08_13-09-42_260595134347_rgbf000199-resize_2-target.png,3.20037,1.802663604157246,0.2601920792796317,2667.3541666666665,3.661,1000
depth_duration_stimuli/002323_2014-06-28_20-01-54_260595134347_rgbf000051-resize_4/002323_2014-06-28_20-01-54_260595134347_rgbf000051-resize_4-target.png,3.8291200000000005,2.5972544967190396,0.3871758406353851,2708.3555555555554,3.7309999999999994,1000
depth_duration_stimuli/000409_2014-06-04_19-23-33_260595134347_rgbf000067-resize_0/000409_2014-06-04_19-23-33_260595134347_rgbf000067-resize_0-target.png,2.756504347826087,1.8317049436044883,0.2700701599836413,2328.413043478261,3.7335,1000
depth_duration_stimuli/001132_2014-06-17_14-48-54_260595134347_rgbf000100-resize_2/001132_2014-06-17_14-48-54_260595134347_rgbf000100-resize_2-target.png,2.7218382978723406,1.4535487647632832,0.21202187821397145,2176.127659574468,3.7530000000000006,1000
depth_duration_stimuli/000137_2014-05-20_17-04-49_260595134347_rgbf000120-resize_1/000137_2014-05-20_17-04-49_260595134347_rgbf000120-resize_1-target.png,3.501891666666667,2.350403165763526,0.3392514751144301,2796.0416666666665,3.786,1000
depth_duration_stimuli/001617_2014-06-20_11-35-32_260595134347_rgbf000066-resize_1/001617_2014-06-20_11-35-32_260595134347_rgbf000066-resize_1-target.png,2.9197895652173913,1.6159528143921866,0.23825924400799542,3652.2391304347825,3.791,1000
depth_duration_stimuli/000191_2014-05-12_17-07-38_260595134347_rgbf000199-resize_0/000191_2014-05-12_17-07-38_260595134347_rgbf000199-resize_0-target.png,3.682283333333334,2.5591457723177142,0.3693808751357813,2520.1458333333335,3.7995,1000
depth_duration_stimuli/001724_2014-06-26_19-28-50_260595134347_rgbf000037-resize_7/001724_2014-06-26_19-28-50_260595134347_rgbf000037-resize_7-target.png,3.7911489361702126,1.6305915013553585,0.23784621548173848,2384.255319148936,3.827,1000
depth_duration_stimuli/002995_2014-06-15_12-31-26_094959634447_rgbf000150-resize_1/002995_2014-06-15_12-31-26_094959634447_rgbf000150-resize_1-target.png,3.2541957446808514,3.6298986124275205,0.5294751302399595,3397.3829787234044,3.836,1000
depth_duration_stimuli/000009_2014-05-26_14-32-05_260595134347_rgbf000034-resize_3/000009_2014-05-26_14-32-05_260595134347_rgbf000034-resize_3-target.png,3.734664186046512,1.4969110449796474,0.22827679427448153,2152.8372093023254,3.8715,1000
depth_duration_stimuli/003288_2014-05-14_21-50-30_094959634447_rgbf000028-resize_3/003288_2014-05-14_21-50-30_094959634447_rgbf000028-resize_3-target.png,2.584025531914894,1.746180572174109,0.2547066143139651,2578.574468085106,3.877,1000
depth_duration_stimuli/002425_2014-06-28_20-27-29_260595134347_rgbf000031-resize_8/002425_2014-06-28_20-27-29_260595134347_rgbf000031-resize_8-target.png,2.90035,1.6238255259489562,0.2343790261309039,3230.5416666666665,3.8959999999999995,1000
depth_duration_stimuli/003081_2014-06-15_15-19-16_094959634447_rgbf000150-resize_1/003081_2014-06-15_15-19-16_094959634447_rgbf000150-resize_1-target.png,2.852141666666667,1.2013709327783917,0.17340295785904908,2338.2291666666665,3.9125,1000
depth_duration_stimuli/002464_2014-06-28_20-36-57_260595134347_rgbf000029-resize_0/002464_2014-06-28_20-36-57_260595134347_rgbf000029-resize_0-target.png,2.066888888888889,1.2202304548028144,0.1819012163436385,2160.7555555555555,3.9525,1000
depth_duration_stimuli/003621_2014-05-23_18-06-08_094959634447_rgbf000101-resize_1/003621_2014-05-23_18-06-08_094959634447_rgbf000101-resize_1-target.png,3.060042553191489,1.5393382344010662,0.22453555847329554,2373.127659574468,3.9834999999999994,1000
depth_duration_stimuli/003048_2014-06-15_13-49-43_094959634447_rgbf000150-resize_1/003048_2014-06-15_13-49-43_094959634447_rgbf000150-resize_1-target.png,2.933316666666667,1.376341812959009,0.19865782905220536,3280.9375,4.0035,1000
depth_duration_stimuli/001450_2014-06-19_17-02-03_260595134347_rgbf000203-resize_4/001450_2014-06-19_17-02-03_260595134347_rgbf000203-resize_4-target.png,2.960395,1.816048355108866,0.26212400167087024,2834.3333333333335,4.010666666673644,1000
depth_duration_stimuli/002365_2014-06-28_20-11-21_260595134347_rgbf000102-resize_1/002365_2014-06-28_20-11-21_260595134347_rgbf000102-resize_1-target.png,3.619783333333334,2.7603423777259057,0.39842110370889583,2458.9791666666665,4.013,1000
depth_duration_stimuli/002375_2014-06-28_20-13-44_260595134347_rgbf000032-resize_1/002375_2014-06-28_20-13-44_260595134347_rgbf000032-resize_1-target.png,2.4072150000000003,1.2418943421292996,0.1792520081833561,2139.7083333333335,4.0175,1000
depth_duration_stimuli/001150_2014-06-17_15-27-34_260595134347_rgbf000108-resize_2/001150_2014-06-17_15-27-34_260595134347_rgbf000108-resize_2-target.png,3.1088017391304352,1.6078995769627242,0.23707185892801563,2509.0652173913045,4.0325,1000
depth_duration_stimuli/002570_2014-06-24_13-59-54_094959634447_rgbf000059-resize_0/002570_2014-06-24_13-59-54_094959634447_rgbf000059-resize_0-target.png,2.6947574468085107,1.7727186750182775,0.25857759445969997,2321.872340425532,4.037,1000
depth_duration_stimuli/002639_2014-06-24_14-51-37_094959634447_rgbf000074-resize_4/002639_2014-06-24_14-51-37_094959634447_rgbf000074-resize_4-target.png,2.7934222222222225,1.2793918315300667,0.19072047367727918,2308.0,4.0375,1000
depth_duration_stimuli/000506_2014-06-08_23-21-00_260595134347_rgbf000070-resize_7/000506_2014-06-08_23-21-00_260595134347_rgbf000070-resize_7-target.png,2.9389066666666666,1.738932185556159,0.25099324135833817,2215.1666666666665,4.0585,1000
depth_duration_stimuli/003492_2014-05-21_15-50-55_094959634447_rgbf000828-resize_1/003492_2014-05-21_15-50-55_094959634447_rgbf000828-resize_1-target.png,3.0073361702127657,1.3264359078283119,0.19348056241787875,2107.340425531915,4.06875,1000
depth_duration_stimuli/000436_2014-06-09_22-25-11_260595134347_rgbf000137-resize_1/000436_2014-06-09_22-25-11_260595134347_rgbf000137-resize_1-target.png,4.120217391304348,2.164343191856427,0.31911499399784543,3134.086956521739,4.0705,1000
depth_duration_stimuli/000734_2014-06-08_17-39-11_260595134347_rgbf000128-resize_2/000734_2014-06-08_17-39-11_260595134347_rgbf000128-resize_2-target.png,2.5015466666666666,1.2953010089096162,0.1869605965438902,2289.3333333333335,4.098,1000
depth_duration_stimuli/001052_2014-06-08_18-24-54_260595134347_rgbf000130-resize_1/001052_2014-06-08_18-24-54_260595134347_rgbf000130-resize_1-target.png,2.8241787234042555,1.2850008013761958,0.1874366309675265,2583.553191489362,4.1045,1000
depth_duration_stimuli/002103_2014-06-25_20-00-40_260595134347_rgbf000049-resize_0/002103_2014-06-25_20-00-40_260595134347_rgbf000049-resize_0-target.png,3.3354139130434786,2.756365897597356,0.40640397982040305,2231.9347826086955,4.105,1000
depth_duration_stimuli/001392_2014-06-19_16-07-59_260595134347_rgbf000046-resize_1/001392_2014-06-19_16-07-59_260595134347_rgbf000046-resize_1-target.png,3.262222608695652,1.770592517637258,0.26105962435366153,2386.695652173913,4.135,1000
depth_duration_stimuli/001447_2014-06-19_17-00-32_260595134347_rgbf000082-resize_5/001447_2014-06-19_17-00-32_260595134347_rgbf000082-resize_5-target.png,2.0616,0.8013419383307351,0.1156637459520466,2411.8333333333335,4.13775,1000
depth_duration_stimuli/003083_2014-06-15_15-21-03_094959634447_rgbf000063-resize_1/003083_2014-06-15_15-21-03_094959634447_rgbf000063-resize_1-target.png,3.2821957446808514,1.2918261126014177,0.18843220493136398,2295.723404255319,4.1405,1000
depth_duration_stimuli/001181_2014-06-17_15-50-57_260595134347_rgbf000106-resize_4/001181_2014-06-17_15-50-57_260595134347_rgbf000106-resize_4-target.png,3.5072533333333333,1.928682620763811,0.28751102980335524,3259.9555555555557,4.149,1000
depth_duration_stimuli/000691_2014-06-08_13-08-50_260595134347_rgbf000132-resize_3/000691_2014-06-08_13-08-50_260595134347_rgbf000132-resize_3-target.png,3.123695,2.408763897135765,0.34767512110639653,2630.7708333333335,4.153,1000
depth_duration_stimuli/000735_2014-06-08_18-23-50_260595134347_rgbf000163-resize_2/000735_2014-06-08_18-23-50_260595134347_rgbf000163-resize_2-target.png,3.121588571428571,1.534848021020992,0.23683219132622632,2542.4761904761904,4.1695,1000
depth_duration_stimuli/000917_2014-06-09_22-45-29_260595134347_rgbf000149-resize_3/000917_2014-06-09_22-45-29_260595134347_rgbf000149-resize_3-target.png,3.072078260869565,3.206901883120429,0.4728318868440993,2587.6739130434785,4.1865,1000
depth_duration_stimuli/002989_2014-06-15_12-25-03_094959634447_rgbf000150-resize_3/002989_2014-06-15_12-25-03_094959634447_rgbf000150-resize_3-target.png,3.7068977777777783,2.0267744425888425,0.30213369524585976,3110.711111111111,4.1975,1000
depth_duration_stimuli/003069_2014-06-15_14-57-50_094959634447_rgbf000150-resize_4/003069_2014-06-15_14-57-50_094959634447_rgbf000150-resize_4-target.png,3.172946666666667,1.6424062498006997,0.23706092261028944,2706.9583333333335,4.208,1000
depth_duration_stimuli/001133_2014-06-17_14-49-16_260595134347_rgbf000100-resize_0/001133_2014-06-17_14-49-16_260595134347_rgbf000100-resize_0-target.png,3.811911489361702,2.4002263276606977,0.35010899287725034,3074.723404255319,4.2115,1000
depth_duration_stimuli/001094_2014-06-15_17-36-00_260595134347_rgbf000205-resize_0/001094_2014-06-15_17-36-00_260595134347_rgbf000205-resize_0-target.png,3.1375217777777777,1.5538640452042727,0.2316363755246373,2062.511111111111,4.2175,1000
depth_duration_stimuli/001066_2014-06-08_22-03-20_260595134347_rgbf000066-resize_4/001066_2014-06-08_22-03-20_260595134347_rgbf000066-resize_4-target.png,3.546695652173913,2.466798228469584,0.3637095562449903,2418.8695652173915,4.233,1000
depth_duration_stimuli/001808_2014-06-26_20-50-58_260595134347_rgbf000029-resize_1/001808_2014-06-26_20-50-58_260595134347_rgbf000029-resize_1-target.png,3.244486956521739,1.9334228630544437,0.28506764900334897,2739.8260869565215,4.249,1000
depth_duration_stimuli/001175_2014-06-17_15-45-55_260595134347_rgbf000129-resize_4/001175_2014-06-17_15-45-55_260595134347_rgbf000129-resize_4-target.png,3.810986046511628,2.311266590461087,0.35246485070282946,3612.7906976744184,4.255,1000
depth_duration_stimuli/000414_2014-06-04_19-49-13_260595134347_rgbf000044-resize_0/000414_2014-06-04_19-49-13_260595134347_rgbf000044-resize_0-target.png,3.5065361702127658,1.722597959658549,0.25126673673988476,2599.6382978723404,4.329,1000
depth_duration_stimuli/002414_2014-06-28_20-24-58_260595134347_rgbf000067-resize_4/002414_2014-06-28_20-24-58_260595134347_rgbf000067-resize_4-target.png,3.4419063829787233,1.8115131742856703,0.2642363537655033,2351.574468085106,4.363,1000
depth_duration_stimuli/001148_2014-06-17_15-26-42_260595134347_rgbf000129-resize_0/001148_2014-06-17_15-26-42_260595134347_rgbf000129-resize_0-target.png,3.123333333333333,1.5627043211884304,0.22555694012548294,2285.0416666666665,4.368,1000
depth_duration_stimuli/002444_2014-06-28_20-32-08_260595134347_rgbf000027-resize_0/002444_2014-06-28_20-32-08_260595134347_rgbf000027-resize_0-target.png,3.2870666666666666,3.427557588406644,0.4947253240823801,2313.5208333333335,4.389,1000
depth_duration_stimuli/002039_2014-06-24_20-22-38_260595134347_rgbf000084-resize_1/002039_2014-06-24_20-22-38_260595134347_rgbf000084-resize_1-target.png,3.1833766666666663,1.963109170657752,0.28335040203196904,2125.2916666666665,4.408,1000
depth_duration_stimuli/001570_2014-06-20_17-21-09_260595134347_rgbf000135-resize_4/001570_2014-06-20_17-21-09_260595134347_rgbf000135-resize_4-target.png,3.7950086956521742,3.5169293644583446,0.5185429451543375,2296.804347826087,4.467,1000
depth_duration_stimuli/000447_2014-06-08_16-15-46_260595134347_rgbf000130-resize_1/000447_2014-06-08_16-15-46_260595134347_rgbf000130-resize_1-target.png,3.0557617021276595,1.5759499521066227,0.22987592636513987,2627.276595744681,4.479,1000
depth_duration_stimuli/001158_2014-06-17_15-32-16_260595134347_rgbf000138-resize_2/001158_2014-06-17_15-32-16_260595134347_rgbf000138-resize_2-target.png,3.6346773333333338,2.000363157545513,0.2981965333305259,2152.2,4.5315,1000
depth_duration_stimuli/001417_2014-06-19_16-25-36_260595134347_rgbf000115-resize_5/001417_2014-06-19_16-25-36_260595134347_rgbf000115-resize_5-target.png,3.467866666666667,2.327450633919726,0.3359385625047797,2527.2708333333335,4.6255,1000
depth_duration_stimuli/000742_2014-06-08_18-48-09_260595134347_rgbf000164-resize_4/000742_2014-06-08_18-48-09_260595134347_rgbf000164-resize_4-target.png,2.67295,1.7649459510740733,0.25474800498943906,2915.0625,4.632,1000
depth_duration_stimuli/002748_2014-06-22_19-07-22_094959634447_rgbf000078-resize_1/002748_2014-06-22_19-07-22_094959634447_rgbf000078-resize_1-target.png,3.8260102564102567,1.9149751450626789,0.30664143456151566,2257.153846153846,4.6705,1000
depth_duration_stimuli/002467_2014-06-28_20-38-07_260595134347_rgbf000026-resize_2/002467_2014-06-28_20-38-07_260595134347_rgbf000026-resize_2-target.png,3.6349957446808507,1.7066125509651957,0.2489350252367384,2363.3829787234044,4.742,1000
depth_duration_stimuli/002663_2014-06-13_15-50-26_094959634447_rgbf000075-resize_1/002663_2014-06-13_15-50-26_094959634447_rgbf000075-resize_1-target.png,3.494904347826087,2.1819370011229853,0.32170905965232294,2478.978260869565,4.7495,1000
depth_duration_stimuli/002988_2014-06-15_12-24-20_094959634447_rgbf000150-resize_1/002988_2014-06-15_12-24-20_094959634447_rgbf000150-resize_1-target.png,3.518383333333333,1.674502108196526,0.24169356073146503,2592.6458333333335,4.767,1000
depth_duration_stimuli/001828_2014-06-26_21-40-03_260595134347_rgbf000024-resize_0/001828_2014-06-26_21-40-03_260595134347_rgbf000024-resize_0-target.png,3.112289361702128,2.038568940003069,0.29735584110141955,3626.191489361702,4.826,1000
depth_duration_stimuli/000486_2014-06-09_20-47-20_260595134347_rgbf000143-resize_2/000486_2014-06-09_20-47-20_260595134347_rgbf000143-resize_2-target.png,2.560062608695652,1.2629358821948429,0.18620973696901835,2119.891304347826,4.8325,1000
depth_duration_stimuli/000556_2014-06-09_22-42-56_260595134347_rgbf000214-resize_1/000556_2014-06-09_22-42-56_260595134347_rgbf000214-resize_1-target.png,3.248008510638298,2.085341323311031,0.30417829439497174,2361.744680851064,4.8415,1000
depth_duration_stimuli/002305_2014-06-28_19-56-50_260595134347_rgbf000102-resize_7/002305_2014-06-28_19-56-50_260595134347_rgbf000102-resize_7-target.png,3.48489,2.7928150737417528,0.40310813365541137,2561.0416666666665,4.8725,1000
depth_duration_stimuli/002657_2014-06-13_15-29-54_094959634447_rgbf000150-resize_1/002657_2014-06-13_15-29-54_094959634447_rgbf000150-resize_1-target.png,2.9448711111111114,1.774477249094943,0.2645234502335413,1933.1777777777777,4.919,1000
depth_duration_stimuli/003129_2014-05-12_10-48-10_094959634447_rgbf000100-resize_0/003129_2014-05-12_10-48-10_094959634447_rgbf000100-resize_0-target.png,3.0925378723404253,2.1961536200771525,0.3203419291206242,3427.4893617021276,4.9305,1000
depth_duration_stimuli/000773_2014-06-08_22-24-54_260595134347_rgbf000093-resize_1/000773_2014-06-08_22-24-54_260595134347_rgbf000093-resize_1-target.png,3.4756,1.8038827380863638,0.26036804610517034,3020.375,4.973,1000
